City_ID,City,Country,Date,Lat,Lng,Max Temp,Humidity,Cloudiness,Wind Speed
0,Kidal,ML,2021-02-03 19:34:43,18.4411,1.4078,73.17,16,0,11.27
1,Curico,CL,2021-02-03 19:31:10,-34.9833,-71.2333,84.2,32,0,5.75
2,Bredasdorp,ZA,2021-02-03 19:34:43,-34.5322,20.0403,64.4,72,1,1.14
3,Murgab,TM,2021-02-03 19:34:43,37.4966,61.9714,44.6,65,0,6.91
4,Korla,CN,2021-02-03 19:34:43,41.7597,86.1469,25.48,84,0,2.51
5,Haines Junction,CA,2021-02-03 19:34:43,60.7522,-137.5108,-18.4,69,100,0.89
6,Upernavik,GL,2021-02-03 19:34:43,72.7868,-56.1549,-14.44,71,8,4.94
7,Wanaka,NZ,2021-02-03 19:34:43,-44.7,169.15,55.99,66,87,3.0
8,Ushuaia,AR,2021-02-03 19:33:32,-54.8,-68.3,55.4,58,20,17.27
9,San Cristobal,VE,2021-02-03 19:34:44,7.7669,-72.225,89.6,45,20,10.36
10,Fuerte,PH,2021-02-03 19:34:44,17.5381,120.3644,73.92,69,0,7.83
11,Havoysund,NO,2021-02-03 19:34:44,70.9963,24.6622,30.2,68,75,25.32
12,Arraial Do Cabo,BR,2021-02-03 19:32:02,-22.9661,-42.0278,87.8,65,0,20.71
13,Punta Arenas,CL,2021-02-03 19:34:44,-53.15,-70.9167,62.6,59,75,12.66
14,Lieksa,FI,2021-02-03 19:34:44,63.3167,30.0167,11.39,94,100,12.93
15,Bluff,NZ,2021-02-03 19:34:44,-46.6,168.3333,52.29,71,100,15.03
16,Yerbogachen,RU,2021-02-03 19:34:44,61.2767,108.0108,-14.66,89,100,3.2
17,Barrow,US,2021-02-03 19:31:28,71.2906,-156.7887,-29.2,75,40,12.66
18,Boddam,GB,2021-02-03 19:34:44,57.4667,-1.7833,35.6,80,40,14.97
19,Cape Town,ZA,2021-02-03 19:31:07,-33.9258,18.4232,71.01,77,20,17.27
20,South Lake Tahoe,US,2021-02-03 19:30:22,38.9332,-119.9844,39.0,50,90,16.11
21,Hermanus,ZA,2021-02-03 19:34:45,-34.4187,19.2345,64.99,84,4,6.13
22,Vila Velha,BR,2021-02-03 19:34:45,-20.3297,-40.2925,86.0,58,20,19.57
23,Labrea,BR,2021-02-03 19:34:45,-7.2586,-64.7981,84.4,86,22,2.35
24,Georgetown,MY,2021-02-03 19:30:19,5.4112,100.3354,80.01,73,20,2.3
25,Balabac,PH,2021-02-03 19:34:45,7.9868,117.0645,80.85,81,99,18.01
26,Cabedelo,BR,2021-02-03 19:34:45,-6.9811,-34.8339,84.2,65,75,14.97
27,Albany,US,2021-02-03 19:34:45,42.6001,-73.9662,33.01,66,100,13.0
28,Chapais,CA,2021-02-03 19:34:45,49.7834,-74.8492,26.6,63,90,13.8
29,Vrangel,RU,2021-02-03 19:34:46,42.7297,133.0839,4.26,86,0,13.85
30,Kryva,UA,2021-02-03 19:34:46,48.1723,23.2365,43.0,100,90,5.75
31,Mataura,NZ,2021-02-03 19:34:11,-46.1927,168.8643,52.41,65,70,5.84
32,Mount Gambier,AU,2021-02-03 19:34:37,-37.8333,140.7667,57.2,88,98,8.05
33,Port Macquarie,AU,2021-02-03 19:34:46,-31.4333,152.9167,62.6,100,3,4.45
34,Port Lincoln,AU,2021-02-03 19:34:46,-34.7333,135.8667,65.23,65,100,9.4
35,Busselton,AU,2021-02-03 19:34:46,-33.65,115.3333,52.0,78,0,17.78
36,Alofi,NU,2021-02-03 19:34:46,-19.0595,-169.9187,77.0,100,100,5.75
37,Tasiilaq,GL,2021-02-03 19:34:46,65.6145,-37.6368,27.79,97,91,27.02
38,Hobart,AU,2021-02-03 19:31:31,-42.8794,147.3294,57.99,94,90,6.91
39,Los Llanos De Aridane,ES,2021-02-03 19:34:47,28.6585,-17.9182,64.4,72,75,7.07
40,Qaanaaq,GL,2021-02-03 19:34:47,77.484,-69.3632,-20.88,67,68,3.91
41,Dingle,PH,2021-02-03 19:34:47,10.9995,122.6711,73.98,92,81,7.76
42,Port Alfred,ZA,2021-02-03 19:34:47,-33.5906,26.891,69.01,92,0,1.99
43,Airai,TL,2021-02-03 19:34:47,-8.9266,125.4092,61.29,100,98,4.5
44,Vuktyl,RU,2021-02-03 19:34:47,63.8567,57.3094,5.61,95,96,6.04
45,Ribeira Grande,PT,2021-02-03 19:34:47,38.5167,-28.7,55.4,67,40,24.16
46,Ikom,NG,2021-02-03 19:34:48,5.9667,8.7063,80.4,20,0,1.5
47,Tahe,CN,2021-02-03 19:34:48,52.3333,124.7333,-24.81,81,0,4.34
48,Yellowknife,CA,2021-02-03 19:31:47,62.456,-114.3525,-15.0,76,90,5.75
49,Avarua,CK,2021-02-03 19:34:48,-21.2078,-159.775,84.2,74,20,8.05
50,Chokurdakh,RU,2021-02-03 19:34:48,70.6333,147.9167,0.66,93,100,10.78
51,Hithadhoo,MV,2021-02-03 19:34:48,-0.6,73.0833,83.03,71,90,6.04
52,Mahuva,IN,2021-02-03 19:34:49,21.0914,71.7622,71.78,37,0,13.94
53,Rikitea,PF,2021-02-03 19:34:49,-23.1203,-134.9692,77.56,74,10,13.76
54,Boksitogorsk,RU,2021-02-03 19:34:49,59.474,33.8485,21.99,90,99,57.0
55,Lebu,CL,2021-02-03 19:34:49,-37.6167,-73.65,64.18,69,0,13.44
56,Grootfontein,NA,2021-02-03 19:34:49,-19.5667,18.1167,72.86,45,77,5.39
57,Butaritari,KI,2021-02-03 19:34:49,3.0707,172.7902,81.46,84,34,17.18
58,Mahebourg,MU,2021-02-03 19:34:49,-20.4081,57.7,78.8,89,75,4.61
59,Tuatapere,NZ,2021-02-03 19:34:49,-46.1333,167.6833,50.0,80,20,5.57
60,Black River,JM,2021-02-03 19:34:49,18.0264,-77.8487,75.99,64,75,8.05
61,Abaza,RU,2021-02-03 19:34:49,52.655,90.0928,31.44,95,100,9.89
62,Beringovskiy,RU,2021-02-03 19:34:49,63.05,179.3167,4.28,94,84,11.79
63,Nanortalik,GL,2021-02-03 19:34:50,60.1432,-45.2371,17.87,80,0,16.24
64,Alice Springs,AU,2021-02-03 19:34:50,-23.7,133.8833,68.0,30,43,7.87
65,Necochea,AR,2021-02-03 19:34:50,-38.5473,-58.7368,75.0,57,0,3.0
66,La Ronge,CA,2021-02-03 19:34:50,55.1001,-105.2842,8.6,72,100,8.05
67,Maureni,RO,2021-02-03 19:34:50,45.4039,21.5025,55.4,50,0,13.8
68,Tual,ID,2021-02-03 19:34:50,-5.6667,132.75,84.02,74,100,17.02
69,Buraydah,SA,2021-02-03 19:34:50,26.326,43.975,66.2,55,0,4.61
70,Thompson,CA,2021-02-03 19:30:04,55.7435,-97.8558,3.2,85,90,16.11
71,Ponta Do Sol,PT,2021-02-03 19:34:50,32.6667,-17.1,55.99,67,70,4.0
72,Maraa,BR,2021-02-03 19:34:50,-1.8333,-65.3667,82.06,88,100,2.42
73,Port Antonio,JM,2021-02-03 19:34:50,18.18,-76.4612,84.2,54,20,12.66
74,Kavieng,PG,2021-02-03 19:34:51,-2.5744,150.7967,82.78,70,100,6.08
75,Bambous Virieux,MU,2021-02-03 19:34:51,-20.3428,57.7575,79.0,89,75,4.61
76,Qui Nhon,VN,2021-02-03 19:34:51,13.7667,109.2333,68.31,89,76,11.74
77,Guerrero Negro,MX,2021-02-03 19:34:51,27.9769,-114.0611,70.92,52,55,12.26
78,New Norfolk,AU,2021-02-03 19:34:51,-42.7826,147.0587,57.99,90,94,1.43
79,West Bay,KY,2021-02-03 19:34:51,19.3667,-81.4167,75.2,53,75,11.5
80,Aklavik,CA,2021-02-03 19:34:51,68.2191,-135.0107,-41.8,66,20,2.3
81,Namibe,AO,2021-02-03 19:34:51,-15.1961,12.1522,73.27,71,100,7.16
82,Kihei,US,2021-02-03 19:34:42,20.785,-156.4656,77.0,61,40,31.07
83,Ilulissat,GL,2021-02-03 19:34:51,69.2167,-51.1,-5.8,45,20,9.22
84,Awbari,LY,2021-02-03 19:34:52,26.5921,12.7805,50.76,48,0,3.02
85,Padilla,CO,2021-02-03 19:34:52,3.2204,-76.3139,91.4,43,40,13.8
86,Fairbanks,US,2021-02-03 19:31:56,64.8378,-147.7164,-11.2,58,90,5.75
87,Erenhot,CN,2021-02-03 19:34:52,43.6475,111.9767,13.77,84,0,15.08
88,Mar Del Plata,AR,2021-02-03 19:34:52,-38.0023,-57.5575,71.6,68,40,16.11
89,Conceicao Do Araguaia,BR,2021-02-03 19:34:52,-8.2578,-49.2647,85.95,66,0,3.65
90,Ostrovnoy,RU,2021-02-03 19:34:52,68.0531,39.5131,16.68,95,100,13.94
91,Muisne,EC,2021-02-03 19:34:52,0.6,-80.0333,84.2,89,40,9.22
92,Pokrovsk,UA,2021-02-03 19:34:52,48.282,37.1758,41.88,94,99,5.68
93,Bowen,AU,2021-02-03 19:34:52,-20.0167,148.2333,71.6,100,40,4.61
94,Kodiak,US,2021-02-03 19:34:52,57.79,-152.4072,26.6,86,1,5.75
95,Kapaa,US,2021-02-03 19:34:53,22.0752,-159.319,66.2,94,75,10.36
96,Atuona,PF,2021-02-03 19:34:53,-9.8,-139.0333,77.65,75,1,13.38
97,Saldanha,ZA,2021-02-03 19:34:53,-33.0117,17.9442,68.0,77,0,16.11
98,Tessalit,ML,2021-02-03 19:34:53,20.1986,1.0114,73.62,17,0,12.57
99,Cidreira,BR,2021-02-03 19:34:53,-30.1811,-50.2056,76.05,93,100,10.51
100,Mecca,SA,2021-02-03 19:34:46,21.4267,39.8261,77.23,70,0,3.94
101,Ylivieska,FI,2021-02-03 19:34:53,64.0833,24.55,15.01,90,88,6.55
102,Neiafu,TO,2021-02-03 19:34:53,-18.65,-173.9833,80.6,89,75,10.36
103,Mataya,PH,2021-02-03 19:34:53,7.4711,124.3719,71.56,76,98,3.24
104,Sao Filipe,CV,2021-02-03 19:34:53,14.8961,-24.4956,72.63,76,62,9.66
105,San Patricio,US,2021-02-03 19:34:53,28.017,-97.5169,78.8,50,75,9.22
106,Vaitape,PF,2021-02-03 19:34:53,-16.5167,-151.75,81.23,74,0,11.99
107,Merauke,ID,2021-02-03 19:34:54,-8.4667,140.3333,77.92,90,74,11.59
108,Mineral Wells,US,2021-02-03 19:31:52,32.8085,-98.1128,72.0,40,1,16.11
109,Vao,NC,2021-02-03 19:34:54,-22.6667,167.4833,77.95,87,98,24.2
110,Ballina,AU,2021-02-03 19:34:54,-28.8667,153.5667,64.4,94,38,4.54
111,Mizdah,LY,2021-02-03 19:34:54,31.4451,12.9801,53.46,62,0,1.61
112,Sayyan,YE,2021-02-03 19:34:54,15.1718,44.3244,44.08,53,0,3.24
113,Khabary,RU,2021-02-03 19:34:54,53.6259,79.5345,31.64,98,100,10.65
114,Obihiro,JP,2021-02-03 19:34:54,42.9172,143.2044,4.57,84,0,7.11
115,Dikson,RU,2021-02-03 19:34:54,73.5069,80.5464,-2.87,91,100,18.32
116,Severo-Kurilsk,RU,2021-02-03 19:34:55,50.6789,156.125,11.01,92,100,31.56
117,Genhe,CN,2021-02-03 19:34:55,50.7833,121.5167,-34.26,81,7,2.13
118,Ayna,PE,2021-02-03 19:34:55,-12.65,-73.9167,68.0,45,75,5.75
119,Houma,US,2021-02-03 19:32:32,29.5958,-90.7195,62.01,41,1,4.61
120,Stepnyak,KZ,2021-02-03 19:34:55,52.8339,70.7803,30.74,99,100,6.91
121,Bengkulu,ID,2021-02-03 19:34:55,-3.8004,102.2655,75.31,85,100,5.5
122,Kangalassy,RU,2021-02-03 19:34:55,62.3464,129.9628,-43.6,66,99,6.71
123,Whittlesea,ZA,2021-02-03 19:34:09,-32.1759,26.8244,67.91,76,84,2.57
124,Kapit,MY,2021-02-03 19:34:55,2.0167,112.9333,72.16,95,100,1.25
125,Jamestown,US,2021-02-03 19:34:55,42.097,-79.2353,30.99,69,1,13.8
126,Lagoa,PT,2021-02-03 19:34:56,39.05,-27.9833,54.18,66,10,32.57
127,Ushtobe,KZ,2021-02-03 19:34:56,45.2514,77.9838,24.87,93,91,3.89
128,Kahului,US,2021-02-03 19:30:53,20.8947,-156.47,77.0,61,40,31.07
129,Hilo,US,2021-02-03 19:33:53,19.7297,-155.09,75.2,60,1,11.5
130,Khatanga,RU,2021-02-03 19:34:56,71.9667,102.5,-5.78,91,100,8.77
131,Puerto Ayora,EC,2021-02-03 19:34:56,-0.7393,-90.3518,86.0,66,0,21.85
132,Palmas,BR,2021-02-03 19:34:56,-10.2128,-48.3603,77.0,88,75,6.91
133,Finnsnes,NO,2021-02-03 19:34:56,69.2296,17.9811,1.4,85,75,2.15
134,Mbarara,UG,2021-02-03 19:34:56,-0.608,30.65,68.52,61,40,1.34
135,Lompoc,US,2021-02-03 19:34:57,34.6391,-120.4579,64.4,52,1,11.5
136,Cabo San Lucas,MX,2021-02-03 19:34:57,22.8909,-109.9124,86.0,14,20,2.3
137,Alamosa,US,2021-02-03 19:34:57,37.4695,-105.87,51.8,40,20,13.8
138,Peruibe,BR,2021-02-03 19:34:57,-24.32,-46.9983,82.71,75,5,6.17
139,Isangel,VU,2021-02-03 19:34:57,-19.55,169.2667,80.6,78,75,6.91
140,Vaini,TO,2021-02-03 19:34:57,-21.2,-175.2,78.8,94,75,7.49
141,East London,ZA,2021-02-03 19:34:57,-33.0153,27.9116,75.2,78,0,2.3
142,Cuenca,EC,2021-02-03 19:32:34,-2.8833,-78.9833,68.0,56,75,17.27
143,Hambantota,LK,2021-02-03 19:34:11,6.1241,81.1185,77.0,83,20,11.5
144,Port Elizabeth,ZA,2021-02-03 19:34:57,-33.918,25.5701,68.0,94,0,8.05
145,Rio Grande,BR,2021-02-03 19:34:58,-32.035,-52.0986,80.6,83,20,5.75
146,Tiksi,RU,2021-02-03 19:34:58,71.6872,128.8694,-28.23,85,30,1.61
147,Aykhal,RU,2021-02-03 19:34:58,66.0,111.5,-24.79,83,100,0.87
148,Kieta,PG,2021-02-03 19:34:58,-6.2167,155.6333,79.97,82,92,9.46
149,Flinders,AU,2021-02-03 19:34:58,-34.5833,150.8552,68.0,82,8,1.01
150,Broome,US,2021-02-03 19:34:58,42.2506,-75.833,28.0,80,90,16.11
151,Te Anau,NZ,2021-02-03 19:34:58,-45.4167,167.7167,48.25,80,68,2.39
152,Amahai,ID,2021-02-03 19:34:58,-3.3333,128.9167,78.49,79,30,4.7
153,Coos Bay,US,2021-02-03 19:34:58,43.3665,-124.2179,48.99,93,75,8.05
154,Svetlaya,RU,2021-02-03 19:34:58,46.5389,138.3297,-10.41,86,76,7.74
155,Wyndham,US,2021-02-03 19:34:59,37.6985,-77.6125,48.0,29,75,14.97
156,Ust-Tsilma,RU,2021-02-03 19:34:59,65.441,52.1498,-2.31,92,80,4.09
157,Colares,PT,2021-02-03 19:34:59,38.7992,-9.4469,57.99,94,20,6.91
158,Lixourion,GR,2021-02-03 19:34:59,38.2019,20.4314,55.98,78,0,2.64
159,Mugur-Aksy,RU,2021-02-03 19:34:59,50.35,90.5,8.53,84,89,6.44
160,Tuktoyaktuk,CA,2021-02-03 19:34:11,69.4541,-133.0374,-41.8,66,75,4.61
161,Panaba,MX,2021-02-03 19:34:59,21.2833,-88.2667,74.46,47,0,5.53
162,Victoria,HK,2021-02-03 19:32:50,22.2855,114.1577,64.0,78,3,1.01
163,Vardo,NO,2021-02-03 19:34:59,70.3705,31.1107,30.2,74,75,23.02
164,Damghan,IR,2021-02-03 19:35:00,36.1683,54.348,42.33,59,96,2.3
165,Pevek,RU,2021-02-03 19:35:00,69.7008,170.3133,-9.35,73,0,8.34
166,Fortuna,US,2021-02-03 19:35:00,40.5982,-124.1573,50.0,87,75,8.05
167,Goya,AR,2021-02-03 19:35:00,-29.14,-59.2626,67.35,95,100,7.65
168,Katherine,AU,2021-02-03 19:35:00,-14.4667,132.2667,80.6,89,75,4.61
169,Khasan,RU,2021-02-03 19:35:00,42.4308,130.6434,4.87,84,0,12.62
170,Saint-Pierre,RE,2021-02-03 19:35:00,-21.3393,55.4781,80.6,74,0,3.44
171,Kudahuvadhoo,MV,2021-02-03 19:35:00,2.6708,72.8944,81.43,81,98,18.81
172,Bereda,ES,2021-02-03 19:35:00,43.2686,-7.5406,48.99,93,85,11.99
173,Dakar,SN,2021-02-03 19:30:01,14.6937,-17.4441,69.8,73,0,6.91
174,Luwuk,ID,2021-02-03 19:35:01,-0.9516,122.7875,78.24,73,99,3.8
175,Brae,GB,2021-02-03 19:35:01,60.3964,-1.353,35.6,60,75,12.66
176,Nuuk,GL,2021-02-03 19:31:28,64.1835,-51.7216,6.8,72,20,16.11
177,Oliveira Dos Brejinhos,BR,2021-02-03 19:35:01,-12.3169,-42.8961,84.78,50,94,1.16
178,Husavik,IS,2021-02-03 19:35:01,66.0449,-17.3389,15.8,79,0,10.36
179,Esil,KZ,2021-02-03 19:35:01,51.9556,66.4042,28.38,98,100,10.92
180,Touros,BR,2021-02-03 19:35:01,-5.1989,-35.4608,86.0,54,20,19.57
181,Rio Gallegos,AR,2021-02-03 19:32:45,-51.6226,-69.2181,80.6,34,40,25.32
182,Hobyo,SO,2021-02-03 19:35:02,5.3505,48.5268,76.75,78,14,16.6
183,Longjiang,CN,2021-02-03 19:35:02,47.3303,123.1836,-14.35,78,29,5.86
184,Quatre Cocos,MU,2021-02-03 19:35:02,-20.2078,57.7625,79.0,89,75,4.61
185,Praia Da Vitoria,PT,2021-02-03 19:35:04,38.7333,-27.0667,53.6,71,40,28.34
186,Minab,IR,2021-02-03 19:35:05,27.1467,57.0801,60.8,67,0,6.91
187,Calabozo,VE,2021-02-03 19:33:24,8.9242,-67.4293,98.02,27,24,5.97
188,Codrington,AU,2021-02-03 19:35:05,-38.2667,141.9667,57.4,75,99,9.75
189,Cherskiy,RU,2021-02-03 19:35:05,68.75,161.3,9.79,86,100,7.38
190,Olafsvik,IS,2021-02-03 19:35:05,64.8945,-23.7142,36.75,80,100,26.66
191,Torbay,CA,2021-02-03 19:35:05,47.6666,-52.7314,37.99,100,90,26.46
192,Stavern,NO,2021-02-03 19:35:05,59.0,10.0333,19.99,85,0,9.22
193,Gornopravdinsk,RU,2021-02-03 19:35:06,60.05,69.9,8.91,95,100,7.45
194,Saint George,US,2021-02-03 19:35:06,37.1041,-113.5841,64.99,58,1,4.61
195,Sabha,LY,2021-02-03 19:35:06,27.0377,14.4283,55.56,41,0,6.82
196,Shache,CN,2021-02-03 19:35:06,38.4167,77.2406,26.89,80,0,0.89
197,Castro,BR,2021-02-03 19:34:57,-24.7911,-50.0119,80.85,70,12,4.05
198,Puerto Rico,AR,2021-02-03 19:35:06,-26.796,-55.024,86.99,65,100,4.92
199,Sorland,NO,2021-02-03 19:35:06,67.667,12.6934,32.0,55,20,19.57
200,Vilhena,BR,2021-02-03 19:35:06,-12.7406,-60.1458,84.2,70,40,1.14
201,Makakilo City,US,2021-02-03 19:35:06,21.3469,-158.0858,75.2,73,40,21.85
202,Pisco,PE,2021-02-03 19:35:06,-13.7,-76.2167,75.99,69,0,8.05
203,Vila Franca Do Campo,PT,2021-02-03 19:35:07,37.7167,-25.4333,53.6,66,20,12.66
204,Russell,US,2021-02-03 19:35:07,32.3502,-85.1999,53.6,24,1,5.75
205,Redondela,ES,2021-02-03 19:35:07,42.2834,-8.6096,54.0,93,75,6.91
206,Abashiri,JP,2021-02-03 19:35:07,44.0213,144.2697,10.0,78,100,1.01
207,Mayumba,GA,2021-02-03 19:35:07,-3.432,10.6554,80.15,86,100,5.5
208,Muli,MV,2021-02-03 19:35:07,2.9167,73.5667,81.66,80,100,20.33
209,Imbituba,BR,2021-02-03 19:35:07,-28.24,-48.6703,87.8,66,20,11.5
210,Shingu,JP,2021-02-03 19:35:07,33.7333,135.9833,35.56,83,0,6.15
211,Hasaki,JP,2021-02-03 19:35:08,35.7333,140.8333,33.8,64,75,3.44
212,Chukhloma,RU,2021-02-03 19:35:08,58.7525,42.6825,17.6,97,100,9.51
213,Roma,US,2021-02-03 19:35:08,43.2128,-75.4557,28.4,69,90,8.05
214,Bafoulabe,ML,2021-02-03 19:35:08,13.8065,-10.8321,85.03,12,97,2.17
215,Lorengau,PG,2021-02-03 19:35:08,-2.0226,147.2712,81.09,70,70,0.78
216,Cesme,TR,2021-02-03 19:35:08,38.3228,26.3064,51.8,76,0,4.0
217,Sulayman,IQ,2021-02-03 19:35:08,31.4002,46.2851,63.12,29,48,1.19
218,Itarema,BR,2021-02-03 19:35:08,-2.9248,-39.9167,83.77,65,49,17.6
219,Acapulco,MX,2021-02-03 19:32:28,16.8634,-99.8901,84.2,74,1,6.91
220,Katsuura,JP,2021-02-03 19:35:09,35.1333,140.3,39.2,45,20,3.44
221,Fare,PF,2021-02-03 19:35:09,-16.7,-151.0167,81.21,71,1,8.99
222,Mumford,GH,2021-02-03 19:35:09,5.2618,-0.759,81.43,80,100,9.15
223,Darlowo,PL,2021-02-03 19:35:09,54.421,16.4107,30.99,10,100,23.35
224,Kyra,RU,2021-02-03 19:35:09,49.5776,111.9753,1.0,84,90,2.75
225,Bethel,US,2021-02-03 19:35:09,41.3712,-73.414,34.0,60,90,11.5
226,Arman,RU,2021-02-03 19:35:09,59.7,150.1667,-1.21,81,100,19.69
227,Chuy,UY,2021-02-03 19:35:09,-33.6971,-53.4616,70.32,94,100,16.6
228,Srednekolymsk,RU,2021-02-03 19:35:09,67.45,153.6833,-25.38,86,71,2.59
229,Cayenne,GF,2021-02-03 19:35:09,4.9333,-52.3333,82.4,78,75,13.8
230,Iqaluit,CA,2021-02-03 19:35:10,63.7506,-68.5145,-5.8,71,90,2.3
231,Bandarbeyla,SO,2021-02-03 19:35:10,9.4942,50.8122,73.15,70,0,18.72
232,Iwanai,JP,2021-02-03 19:35:10,42.9744,140.5089,16.29,91,98,14.25
233,Malinyi,TZ,2021-02-03 19:35:10,-8.9333,36.1333,72.93,89,82,1.92
234,Banda Aceh,ID,2021-02-03 19:35:10,5.5577,95.3222,77.94,80,62,13.22
235,Deep River,CA,2021-02-03 19:35:10,46.1001,-77.4995,33.01,43,1,16.11
236,Tura,IN,2021-02-03 19:35:10,25.5198,90.2201,59.09,58,0,2.59
237,Abu Dhabi,AE,2021-02-03 19:32:53,24.4667,54.3667,68.0,83,0,2.3
238,Salalah,OM,2021-02-03 19:35:10,17.0151,54.0924,69.8,60,0,3.44
239,Brownsville,US,2021-02-03 19:35:11,25.9018,-97.4975,75.2,53,90,16.11
240,Syamzha,RU,2021-02-03 19:35:11,60.0158,41.0614,18.23,97,100,8.57
241,Morondava,MG,2021-02-03 19:35:11,-20.2833,44.2833,84.81,82,88,5.79
242,Yelovo,RU,2021-02-03 19:35:11,57.0538,54.9207,6.44,93,97,3.51
243,Kharan,PK,2021-02-03 19:31:24,28.5833,65.4167,50.11,41,0,7.4
244,Kichera,RU,2021-02-03 19:35:11,55.9375,110.0997,-7.02,85,100,0.58
245,Manado,ID,2021-02-03 19:33:26,1.487,124.8455,73.4,100,40,2.3
246,Aswan,EG,2021-02-03 19:31:36,24.0934,32.907,69.37,24,72,11.63
247,Roald,NO,2021-02-03 19:35:12,62.5833,6.1333,23.0,74,0,11.5
248,Lekoni,GA,2021-02-03 19:35:12,-1.5843,14.2591,83.05,57,72,3.06
249,Padang,ID,2021-02-03 19:31:11,-0.9492,100.3543,75.2,94,40,2.3
250,Pokhara,NP,2021-02-03 19:35:12,28.2333,83.9833,53.51,38,0,5.48
251,Maragogi,BR,2021-02-03 19:35:12,-9.0122,-35.2225,80.92,72,40,9.26
252,Salamanca,ES,2021-02-03 19:35:12,40.8333,-6.0,50.0,99,68,8.84
253,Saskylakh,RU,2021-02-03 19:35:12,71.9167,114.0833,-23.73,83,98,13.65
254,Kaitangata,NZ,2021-02-03 19:35:12,-46.2817,169.8464,55.0,63,79,8.01
255,Faanui,PF,2021-02-03 19:35:12,-16.4833,-151.75,81.37,73,0,11.81
256,Rawson,AR,2021-02-03 19:35:12,-43.3002,-65.1023,89.24,18,95,12.06
257,Bilibino,RU,2021-02-03 19:35:12,68.0546,166.4372,-0.06,83,100,7.94
258,Cuamba,MZ,2021-02-03 19:35:13,-14.8031,36.5372,71.56,93,99,2.15
259,Muros,ES,2021-02-03 19:35:13,42.7762,-9.0603,55.99,76,28,19.28
260,Flagstaff,US,2021-02-03 19:35:13,35.1981,-111.6513,52.0,61,40,20.71
261,Longyearbyen,SJ,2021-02-03 19:35:13,78.2186,15.6401,23.0,74,75,11.5
262,Sisimiut,GL,2021-02-03 19:35:13,66.9395,-53.6735,-1.03,78,100,8.9
263,Reconquista,AR,2021-02-03 19:35:13,-29.15,-59.65,67.23,93,100,8.63
264,Gohad,IN,2021-02-03 19:35:13,26.4261,78.4447,60.28,48,80,6.24
265,Saint-Philippe,RE,2021-02-03 19:35:13,-21.3585,55.7679,80.6,74,0,3.44
266,Bilma,NE,2021-02-03 19:35:13,18.6853,12.9164,67.98,25,0,14.56
267,Aranos,NA,2021-02-03 19:35:14,-24.1333,19.1167,79.9,24,56,10.04
268,Norman Wells,CA,2021-02-03 19:35:14,65.282,-126.8329,-34.6,67,75,6.91
269,Haywards Heath,GB,2021-02-03 19:35:14,50.9977,-0.1031,44.01,92,99,10.22
270,Palauig,PH,2021-02-03 19:35:14,15.435,119.9045,75.87,71,79,5.44
271,Abha,SA,2021-02-03 19:35:14,18.2164,42.5053,59.0,88,0,3.02
272,Temozon,MX,2021-02-03 19:35:14,20.8,-88.2167,80.58,33,0,2.28
273,Andenes,NO,2021-02-03 19:35:14,69.3143,16.1194,32.0,80,40,27.63
274,Chumikan,RU,2021-02-03 19:35:14,54.7183,135.315,-22.34,77,21,23.67
275,Birao,CF,2021-02-03 19:35:14,10.2849,22.7882,83.34,19,0,3.8
276,Jose De Freitas,BR,2021-02-03 19:35:15,-4.7564,-42.5756,95.0,38,40,6.91
277,Bara,NG,2021-02-03 19:35:15,10.3744,10.7288,76.96,17,0,9.19
278,Ambilobe,MG,2021-02-03 19:35:15,-13.2,49.05,76.28,88,74,1.81
279,Cabinda,AO,2021-02-03 19:35:15,-5.55,12.2,80.49,84,100,8.52
280,Cherdyn,RU,2021-02-03 19:35:15,60.403,56.4787,1.72,94,53,3.38
281,Sitka,US,2021-02-03 19:35:15,57.0531,-135.33,37.4,75,90,8.05
282,Ancud,CL,2021-02-03 19:35:15,-41.8697,-73.8203,71.6,56,0,6.91
283,Faya,SA,2021-02-03 19:35:15,18.3851,42.4509,59.0,88,0,3.85
284,Noumea,NC,2021-02-03 19:30:54,-22.2763,166.4572,78.01,99,73,11.54
285,Hauterive,FR,2021-02-03 19:35:16,46.0901,3.4459,51.8,62,0,6.91
286,Mastic Beach,US,2021-02-03 19:35:16,40.7668,-72.8521,36.0,60,90,12.66
287,Anadyr,RU,2021-02-03 19:35:16,64.75,177.4833,3.2,78,40,35.79
288,Esso,RU,2021-02-03 19:35:16,55.9333,158.7,1.58,87,100,3.06
289,Mega,ET,2021-02-03 19:35:16,4.05,38.3,62.87,31,0,11.18
290,Sitio Novo Do Tocantins,BR,2021-02-03 19:35:16,-5.5183,-47.4611,93.2,49,40,8.05
291,Yumen,CN,2021-02-03 19:35:16,40.2833,97.2,25.61,71,0,15.88
292,Leningradskiy,RU,2021-02-03 19:35:16,69.3833,178.4167,-23.78,84,74,11.52
293,Tazovskiy,RU,2021-02-03 19:35:16,67.4667,78.7,-7.67,91,100,6.08
294,Fonte Boa,BR,2021-02-03 19:35:17,-2.4959,-66.2662,89.73,56,100,2.98
295,Romans-Sur-Isere,FR,2021-02-03 19:34:27,45.0464,5.0562,55.4,82,90,8.05
296,Clyde River,CA,2021-02-03 19:35:17,70.4692,-68.5914,-22.0,76,75,3.44
297,Shenkursk,RU,2021-02-03 19:35:17,62.1091,42.896,15.57,96,100,6.33
298,Ukiah,US,2021-02-03 19:35:17,39.1502,-123.2078,48.2,87,90,6.91
299,Bom Jesus,BR,2021-02-03 19:35:17,-9.0744,-44.3586,90.75,44,66,3.78
300,Villazon,BO,2021-02-03 19:35:17,-22.0866,-65.5942,64.85,48,73,20.74
301,Prince Rupert,CA,2021-02-03 19:35:17,54.3161,-130.3201,39.2,81,90,9.22
302,Alta Floresta,BR,2021-02-03 19:35:17,-9.8756,-56.0861,89.6,58,40,3.44
303,Batagay-Alyta,RU,2021-02-03 19:35:17,67.8006,130.4114,-39.66,75,0,2.21
304,Kysyl-Syr,RU,2021-02-03 19:35:17,63.8986,122.7617,-29.11,83,100,7.78
305,San Jose De Guanipa,VE,2021-02-03 19:35:18,8.8872,-64.1651,89.33,47,48,10.76
306,Kamen-Rybolov,RU,2021-02-03 19:35:18,44.7481,132.0403,-13.02,84,0,5.79
307,Talnakh,RU,2021-02-03 19:35:18,69.4865,88.3972,-19.01,86,100,3.36
308,Camara De Lobos,PT,2021-02-03 19:35:18,32.6333,-16.9667,62.6,63,40,5.75
309,Moron,AR,2021-02-03 19:35:07,-34.6534,-58.6198,75.99,73,90,10.36
310,Sarkand,KZ,2021-02-03 19:35:18,45.41,79.9186,29.98,79,97,3.11
311,Tocache,PE,2021-02-03 19:35:18,-8.1842,-76.5125,89.35,49,99,2.71
312,Khandbari,NP,2021-02-03 19:35:18,27.3747,87.2039,51.15,46,0,3.04
313,Carnarvon,AU,2021-02-03 19:35:18,-24.8667,113.6333,77.0,88,90,21.85
314,Esperance,AU,2021-02-03 19:35:18,-33.8667,121.9,59.0,63,90,14.97
315,Traverse City,US,2021-02-03 19:35:19,44.7631,-85.6206,33.8,60,20,2.08
316,Viedma,AR,2021-02-03 19:30:28,-40.8135,-62.9967,89.01,29,0,13.76
317,Kolokani,ML,2021-02-03 19:35:19,13.5728,-8.0339,78.44,13,2,8.59
318,Kavaratti,IN,2021-02-03 19:35:19,10.5669,72.642,81.19,64,74,4.38
319,Coquimbo,CL,2021-02-03 19:32:42,-29.9533,-71.3436,66.2,68,0,16.11
320,Bonavista,CA,2021-02-03 19:35:19,48.6499,-53.1147,37.0,100,100,3.44
321,Half Moon Bay,US,2021-02-03 19:35:19,37.4636,-122.4286,57.2,71,1,4.61
322,Kalianget,ID,2021-02-03 19:35:19,-7.05,113.9333,78.26,85,100,13.4
323,Lasa,IT,2021-02-03 19:35:19,46.6166,10.7002,37.99,93,90,9.22
324,Kruisfontein,ZA,2021-02-03 19:35:20,-34.0033,24.7314,65.16,83,0,5.3
325,Ibajay,PH,2021-02-03 19:35:20,11.8199,122.162,76.82,84,75,11.56
326,Kirakira,SB,2021-02-03 19:35:20,-10.4544,161.9205,78.94,88,100,18.03
327,Sudak,UA,2021-02-03 19:35:20,44.85,34.9667,50.25,84,23,6.33
328,Lexington,US,2021-02-03 19:32:56,37.9887,-84.4777,37.99,55,1,6.91
329,Adrar,MR,2021-02-03 19:35:20,20.5022,-10.0711,70.07,22,0,4.0
330,Tilichiki,RU,2021-02-03 19:35:20,60.4667,166.1,22.57,96,99,34.11
331,Opelousas,US,2021-02-03 19:35:20,30.5335,-92.0815,60.01,41,1,5.66
332,Leopoldina,BR,2021-02-03 19:35:20,-21.5319,-42.6431,85.17,64,4,5.95
333,Suntar,RU,2021-02-03 19:35:21,62.1444,117.6319,-21.53,86,100,4.88
334,Tevriz,RU,2021-02-03 19:35:21,57.509,72.4042,8.33,96,97,6.44
335,Abnub,EG,2021-02-03 19:35:21,27.2696,31.1511,62.6,39,0,11.5
336,Khandagayty,RU,2021-02-03 19:35:21,50.7333,92.05,-8.46,85,97,1.86
337,Sistranda,NO,2021-02-03 19:35:21,63.7256,8.834,15.8,67,20,11.5
338,Caravelas,BR,2021-02-03 19:35:21,-17.7125,-39.2481,81.3,70,7,10.16
339,Axim,GH,2021-02-03 19:33:27,4.8699,-2.2405,80.49,81,70,8.81
340,Falam,MM,2021-02-03 19:35:21,22.9167,93.6833,47.44,70,0,2.08
341,Qaqortoq,GL,2021-02-03 19:35:21,60.7167,-46.0333,15.8,53,75,8.05
342,Cairns,AU,2021-02-03 19:35:21,-16.9167,145.7667,75.2,88,84,1.14
343,Inhambane,MZ,2021-02-03 19:35:21,-23.865,35.3833,84.0,94,75,2.3
344,Siilinjarvi,FI,2021-02-03 19:35:21,63.0833,27.6667,1.4,85,97,8.05
345,Wilmington,US,2021-02-03 19:35:22,34.2257,-77.9447,52.0,25,1,16.11
346,Kulhudhuffushi,MV,2021-02-03 19:35:22,6.6221,73.07,81.68,69,22,7.18
347,Hami,CN,2021-02-03 19:35:22,42.8,93.45,24.55,83,19,2.01
348,Placido De Castro,BR,2021-02-03 19:35:22,-10.3353,-67.1856,80.22,90,82,3.56
349,Smithers,CA,2021-02-03 19:32:28,54.7804,-127.1743,21.2,79,90,5.75
350,Taunggyi,MM,2021-02-03 19:35:23,20.7833,97.0333,47.19,55,0,2.01
351,Nantucket,US,2021-02-03 19:35:23,41.2835,-70.0995,35.6,75,75,6.91
352,Nikolskoye,RU,2021-02-03 19:35:23,59.7035,30.7861,23.0,93,75,11.18
353,Ereymentau,KZ,2021-02-03 19:35:23,51.6199,73.1033,26.98,98,100,20.83
354,Sao Domingos,BR,2021-02-03 19:35:23,-13.3983,-46.3183,81.48,64,100,0.43
355,Madimba,TZ,2021-02-03 19:35:23,-10.4,40.3333,79.11,76,37,3.78
356,Puteyets,RU,2021-02-03 19:35:23,65.1716,57.091,6.66,95,94,5.28
357,Angoche,MZ,2021-02-03 19:35:24,-16.2325,39.9086,80.6,80,75,1.79
358,Tynda,RU,2021-02-03 19:35:24,55.1667,124.7167,-37.64,78,0,3.42
359,Mushie,CD,2021-02-03 19:35:24,-3.0167,16.9,79.23,72,84,2.91
360,Pangoa,PE,2021-02-03 19:35:24,-12.1167,-73.0,84.52,53,90,1.86
361,Sao Joao Da Barra,BR,2021-02-03 19:35:24,-21.6403,-41.0511,86.0,54,0,20.71
362,Dongli,CN,2021-02-03 19:35:24,23.5656,116.8194,53.6,87,0,2.24
363,Jieshou,CN,2021-02-03 19:35:24,33.2634,115.3611,39.02,69,24,6.62
364,Chabahar,IR,2021-02-03 19:30:46,25.2919,60.643,68.09,69,0,4.0
365,Usinsk,RU,2021-02-03 19:35:24,65.9939,57.5281,4.03,94,100,8.19
366,Coracao De Jesus,BR,2021-02-03 19:35:24,-16.6853,-44.365,93.2,29,0,4.61
367,Quang Ngai,VN,2021-02-03 19:35:24,15.1167,108.8,65.21,89,20,6.33
368,Riberalta,BO,2021-02-03 19:35:25,-10.9833,-66.1,89.6,62,75,4.61
369,Pangnirtung,CA,2021-02-03 19:35:25,66.1451,-65.7125,-14.8,64,20,2.06
370,Boa Vista,BR,2021-02-03 19:35:04,2.8197,-60.6733,86.0,62,75,13.8
371,Carutapera,BR,2021-02-03 19:35:25,-1.195,-46.02,84.51,67,0,10.38
372,Cockburn Town,TC,2021-02-03 19:35:25,21.4612,-71.1419,75.2,57,40,9.22
373,Gat,IL,2021-02-03 19:31:29,31.61,34.7642,64.99,64,65,12.57
374,West Wendover,US,2021-02-03 19:35:25,40.7391,-114.0733,42.8,49,1,18.41
375,Andrushivka,UA,2021-02-03 19:35:25,50.0229,29.0202,34.74,89,66,8.95
376,Yar-Sale,RU,2021-02-03 19:35:25,66.8333,70.8333,-1.32,93,95,8.77
377,Zyryanka,RU,2021-02-03 19:35:25,65.75,150.85,-23.48,85,98,12.12
378,Ca Mau,VN,2021-02-03 19:35:25,9.1769,105.15,73.35,82,100,4.99
379,Kodinsk,RU,2021-02-03 19:31:41,58.6881,99.1844,0.3,92,100,1.95
380,Portland,US,2021-02-03 19:34:37,45.5234,-122.6762,42.01,88,100,1.99
381,Pontefract,GB,2021-02-03 19:35:26,53.6911,-1.3127,41.0,90,100,1.99
382,Vinstra,NO,2021-02-03 19:35:26,61.5952,9.7523,1.56,84,71,2.21
383,Visby,SE,2021-02-03 19:35:26,57.6409,18.296,28.4,69,90,6.91
384,Mafeteng,LS,2021-02-03 19:35:26,-29.823,27.2374,57.06,94,97,2.46
385,Capoterra,IT,2021-02-03 19:35:26,39.1763,8.9718,55.99,100,0,8.05
386,Caucaia,BR,2021-02-03 19:33:29,-3.7361,-38.6531,86.0,66,20,14.97
387,Zapolyarnyy,RU,2021-02-03 19:35:26,69.4154,30.8136,26.6,93,75,20.71
388,Yeppoon,AU,2021-02-03 19:35:26,-23.1333,150.7333,73.4,83,40,8.05
389,Oktyabrskoye,RU,2021-02-03 19:35:26,43.0645,44.7417,33.8,80,100,4.47
390,Indiaroba,BR,2021-02-03 19:35:27,-11.5192,-37.5117,81.79,70,2,7.58
391,Newport,GB,2021-02-03 19:35:27,51.5877,-2.9984,45.0,92,2,1.01
392,Rumoi,JP,2021-02-03 19:35:27,43.9344,141.6428,14.38,93,100,19.77
393,Asau,RO,2021-02-03 19:35:27,46.4333,26.4,37.4,100,90,10.36
394,Luang Prabang,LA,2021-02-03 19:35:27,19.8856,102.1347,65.3,72,16,0.96
395,Matamoros,MX,2021-02-03 19:35:27,25.5333,-103.25,75.2,25,40,2.21
396,Castanos,MX,2021-02-03 19:35:27,26.7833,-101.4167,78.37,26,0,2.8
397,Dubasari,MD,2021-02-03 19:35:27,47.2631,29.1608,37.4,100,90,3.44
398,Luderitz,NA,2021-02-03 19:35:27,-26.6481,15.1594,66.45,76,0,14.12
399,Yerofey Pavlovich,RU,2021-02-03 19:35:27,53.9667,121.9667,-30.39,78,0,2.66
400,Russkiy,RU,2021-02-03 19:35:28,43.0147,131.8642,-22.0,69,0,2.24
401,Dekar,BW,2021-02-03 19:35:28,-21.5333,21.9333,68.31,88,100,7.94
402,Isiro,CD,2021-02-03 19:35:28,2.7739,27.616,73.62,50,48,1.32
403,Raudeberg,NO,2021-02-03 19:35:28,61.9875,5.1352,24.01,73,0,9.22
404,Guhagar,IN,2021-02-03 19:35:28,17.4842,73.1929,72.48,39,0,3.69
405,Mobaye,CF,2021-02-03 19:35:28,4.319,21.1786,85.06,35,87,2.19
406,Okahandja,NA,2021-02-03 19:35:28,-21.9833,16.9167,77.0,35,81,4.61
407,San Jeronimo,PE,2021-02-03 19:35:28,-11.9472,-75.2829,59.14,59,90,10.58
408,Clayton,US,2021-02-03 19:35:28,33.5335,-84.3666,51.01,31,1,14.97
409,Enshi,CN,2021-02-03 19:35:28,30.3,109.4833,48.97,80,75,2.57
410,Strezhevoy,RU,2021-02-03 19:35:29,60.7333,77.5889,14.0,92,90,4.47
411,Boffa,GN,2021-02-03 19:35:29,10.1667,-14.0333,75.99,76,18,6.78
412,Ejido Hermosillo,MX,2021-02-03 19:35:29,32.5121,-114.9238,75.2,40,20,4.61
413,Toora-Khem,RU,2021-02-03 19:35:29,52.4675,96.11,14.04,94,100,2.64
414,Huntington,US,2021-02-03 19:35:29,38.4193,-82.4452,39.0,44,1,6.91
415,Benguela,AO,2021-02-03 19:35:29,-12.5763,13.4055,76.01,80,37,5.99
416,Agadir,MA,2021-02-03 19:35:29,30.4202,-9.5982,59.0,100,20,9.22
417,Tieli,CN,2021-02-03 19:35:29,46.95,128.05,-25.33,85,74,3.87
418,Albury,AU,2021-02-03 19:35:30,-36.0833,146.9167,61.0,88,15,5.39
419,Carquefou,FR,2021-02-03 19:35:30,47.2982,-1.4902,48.2,93,75,5.75
420,Sandwick,GB,2021-02-03 19:35:30,60.0,-1.25,35.6,60,75,12.66
421,Saint Anthony,US,2021-02-03 19:35:30,45.0205,-93.218,34.0,64,1,12.66
422,Hamilton,US,2021-02-03 19:33:39,39.1834,-84.5333,36.0,60,1,9.22
423,Carbonia,IT,2021-02-03 19:35:30,39.1672,8.5222,55.99,100,0,8.05
424,Winslow,US,2021-02-03 19:35:30,35.0242,-110.6974,64.99,36,75,21.85
425,Pepel,SL,2021-02-03 19:35:31,8.5817,-13.0628,84.2,74,0,9.22
426,Tam Ky,VN,2021-02-03 19:35:31,15.5667,108.4833,68.0,88,20,1.14
427,Digora,RU,2021-02-03 19:35:31,43.1581,44.1569,33.8,80,99,4.47
428,Ossora,RU,2021-02-03 19:35:31,59.2353,163.0719,21.61,92,59,15.52
429,Calatayud,ES,2021-02-03 19:35:31,41.3535,-1.6432,59.0,76,96,1.14
430,Matagami,CA,2021-02-03 19:35:31,49.7502,-77.6328,15.8,92,1,13.8
431,Nalut,LY,2021-02-03 19:35:31,30.3333,10.85,56.66,44,0,5.19
432,Puerto Escondido,MX,2021-02-03 19:35:31,15.85,-97.0667,83.66,57,0,8.57
433,Okato,NZ,2021-02-03 19:35:31,-39.2,173.8833,64.0,77,0,1.99
434,Araouane,ML,2021-02-03 19:35:31,18.9048,-3.5265,71.53,19,0,4.36
435,Vandra,EE,2021-02-03 19:35:32,58.6481,25.0361,19.0,97,77,5.68
436,Whitehorse,CA,2021-02-03 19:35:32,60.7161,-135.0538,-13.0,77,75,3.44
437,Bad Ischl,AT,2021-02-03 19:35:32,47.7111,13.6189,46.99,92,91,4.97
438,Narsaq,GL,2021-02-03 19:35:32,60.9167,-46.05,15.8,53,75,8.05
439,Rize,TR,2021-02-03 19:35:32,40.9044,40.8949,36.16,70,96,4.18
440,Abu Samrah,SY,2021-02-03 19:35:32,35.3029,37.1841,53.62,64,100,11.97
441,La Rioja,ES,2021-02-03 19:35:32,42.25,-2.5,51.8,87,20,2.3
442,Lima,PE,2021-02-03 19:33:51,-12.0432,-77.0282,75.2,64,0,11.5
443,Lakatoro,VU,2021-02-03 19:35:33,-16.0999,167.4164,80.35,77,100,6.24
444,Bubaque,GW,2021-02-03 19:35:33,11.2833,-15.8333,78.35,64,18,14.12
445,Zhigansk,RU,2021-02-03 19:35:33,66.7697,123.3711,-37.19,80,96,12.24
446,Salinopolis,BR,2021-02-03 19:35:33,-0.6136,-47.3561,83.19,75,0,11.23
447,Kawalu,ID,2021-02-03 19:35:33,-7.3817,108.2082,72.32,89,100,3.44
448,Anda,CN,2021-02-03 19:32:42,46.4,125.3167,-17.57,82,0,7.58
449,Petropavlovsk-Kamchatskiy,RU,2021-02-03 19:35:33,53.0452,158.6483,17.6,79,75,13.42
450,Port Blair,IN,2021-02-03 19:35:33,11.6667,92.75,76.3,77,100,9.66
451,Puerto Carreno,CO,2021-02-03 19:35:33,6.189,-67.4859,95.88,38,85,2.8
452,Prabumulih,ID,2021-02-03 19:35:34,-3.45,104.25,72.82,98,100,4.16
453,Tanabe,JP,2021-02-03 19:35:34,33.7333,135.3667,38.01,76,0,8.86
454,Salinas,US,2021-02-03 19:35:34,36.6777,-121.6555,55.4,50,1,14.97
455,Cortez,US,2021-02-03 19:35:34,37.3489,-108.5859,53.6,54,1,10.36
456,Hofn,IS,2021-02-03 19:35:34,64.2539,-15.2082,33.8,64,90,8.05
457,Chengzihe,CN,2021-02-03 19:35:34,45.3333,131.0667,-18.72,84,0,5.44
458,Miri,MY,2021-02-03 19:35:35,4.4148,114.0089,75.2,100,40,5.12
459,Lebedyn,UA,2021-02-03 19:35:35,50.5852,34.4849,33.64,98,100,10.6
460,Ribas Do Rio Pardo,BR,2021-02-03 19:35:35,-20.4431,-53.7592,90.41,53,97,3.22
461,Glendive,US,2021-02-03 19:35:36,47.1053,-104.7125,23.0,86,90,20.71
462,Sackville,CA,2021-02-03 19:35:36,45.9188,-64.3846,41.0,100,100,4.61
463,Zvishavane,ZW,2021-02-03 19:35:36,-20.3267,30.0665,68.38,97,100,4.83
464,Olinda,BR,2021-02-03 19:35:36,-8.0089,-34.8553,82.4,61,40,9.22
465,Grindavik,IS,2021-02-03 19:35:36,63.8424,-22.4338,37.4,81,90,18.41
466,Arivonimamo,MG,2021-02-03 19:35:36,-19.0167,47.1833,69.8,88,75,9.22
467,Ahipara,NZ,2021-02-03 19:35:36,-35.1667,173.1667,65.26,68,94,1.72
468,Diamantina,BR,2021-02-03 19:33:24,-18.2494,-43.6003,72.59,77,100,3.27
469,Ta Khmau,KH,2021-02-03 19:30:56,11.4833,104.95,77.0,78,20,5.75
470,Grand Gaube,MU,2021-02-03 19:35:36,-20.0064,57.6608,79.0,82,5,3.0
471,Oranjemund,NA,2021-02-03 19:35:36,-28.55,16.4333,63.79,86,0,10.0
472,Dudinka,RU,2021-02-03 19:35:37,69.4058,86.1778,-17.68,88,100,7.02
473,Vicuna,CL,2021-02-03 19:35:37,-30.0319,-70.7081,90.0,14,0,1.99
474,Stavyshche,UA,2021-02-03 19:35:37,50.4,29.5333,33.8,93,100,8.95
475,Thinadhoo,MV,2021-02-03 19:35:37,0.5333,72.9333,82.62,74,62,7.29
476,Santa Cecilia,BR,2021-02-03 19:33:17,-26.9608,-50.4269,74.12,93,100,2.57
477,Loandjili,CG,2021-02-03 19:35:37,-4.7561,11.8578,82.4,94,20,10.36
478,Alihe,CN,2021-02-03 19:35:37,50.5667,123.7167,-24.09,80,0,3.76
479,Poum,NC,2021-02-03 19:35:37,-20.2333,164.0167,78.96,81,61,22.03
480,Wiarton,CA,2021-02-03 19:35:37,44.7407,-81.1332,30.99,51,1,4.61
481,Souillac,MU,2021-02-03 19:35:37,-20.5167,57.5167,78.8,89,75,4.61
482,Shaunavon,CA,2021-02-03 19:35:37,49.6501,-108.4181,3.2,78,99,12.66
483,Nome,US,2021-02-03 19:35:23,64.5011,-165.4064,1.4,55,75,10.36
484,Katobu,ID,2021-02-03 19:35:38,-4.9408,122.5276,76.53,91,100,3.8
485,Ekhabi,RU,2021-02-03 19:35:38,53.5102,142.9671,-26.21,77,0,16.89
486,Puerto Padre,CU,2021-02-03 19:35:38,21.195,-76.6028,77.0,47,20,6.91
487,Artigas,UY,2021-02-03 19:35:38,-30.4,-56.4667,69.55,87,100,16.82
488,Truckee,US,2021-02-03 19:34:07,39.328,-120.1833,32.0,50,90,11.5
489,Deputatskiy,RU,2021-02-03 19:35:38,69.3,139.9,-19.93,89,100,2.91
490,Provideniya,RU,2021-02-03 19:35:38,64.3833,-173.3,-8.05,83,97,13.33
491,Kaya,BF,2021-02-03 19:35:38,13.0917,-1.0844,78.1,15,10,7.27
492,Eureka,US,2021-02-03 19:35:20,40.8021,-124.1637,50.0,70,69,8.99
493,Isla Vista,US,2021-02-03 19:35:38,34.4133,-119.861,66.0,72,1,3.44
494,Ostersund,SE,2021-02-03 19:35:39,63.1792,14.6357,8.01,92,90,5.23
495,Cotonou,BJ,2021-02-03 19:35:39,6.3654,2.4183,86.0,79,20,11.5
496,Winchendon,US,2021-02-03 19:35:39,42.6862,-72.044,30.99,69,90,5.75
497,Kostomuksha,RU,2021-02-03 19:35:39,64.571,30.5767,2.88,94,99,7.49
498,Alto Araguaia,BR,2021-02-03 19:35:39,-17.3147,-53.2153,84.0,64,100,4.79
499,Pacific Grove,US,2021-02-03 19:34:13,36.6177,-121.9166,55.99,66,1,6.91
500,Nago,JP,2021-02-03 19:35:39,26.5881,127.9761,59.0,87,75,3.44
501,Ahuimanu,US,2021-02-03 19:35:39,21.4447,-157.8378,75.2,64,90,11.5
502,Aksarka,RU,2021-02-03 19:35:39,66.5606,67.7975,-4.38,92,71,8.68
503,Pueblo Nuevo Vinas,GT,2021-02-03 19:35:40,14.2258,-90.4742,89.6,33,0,16.11
504,Price,US,2021-02-03 19:35:40,39.5994,-110.8107,41.0,60,1,4.61
505,Yakeshi,CN,2021-02-03 19:35:40,49.2833,120.7333,-28.1,83,76,3.4
506,Antalaha,MG,2021-02-03 19:35:40,-14.9003,50.2788,77.25,88,75,4.88
507,Bahia Honda,CU,2021-02-03 19:35:40,22.9036,-83.1592,70.81,50,1,7.52
508,Gamba,GA,2021-02-03 19:35:41,-2.65,10.0,79.02,88,100,5.73
509,Nelson Bay,AU,2021-02-03 19:35:41,-32.7167,152.15,68.0,88,0,9.22
510,Lahij,YE,2021-02-03 19:35:41,13.1667,44.5833,69.28,76,45,6.98
511,Pocao De Pedras,BR,2021-02-03 19:35:41,-4.6667,-44.85,85.89,75,73,3.74
512,Samarai,PG,2021-02-03 19:35:41,-10.6167,150.6667,80.89,78,100,7.87
513,Key West,US,2021-02-03 19:31:11,24.5557,-81.7826,66.2,59,20,10.36
514,Mayo,US,2021-02-03 19:35:41,38.8876,-76.5119,39.0,60,90,16.11
515,Urumqi,CN,2021-02-03 19:35:41,43.801,87.6005,12.2,92,0,4.03
516,Popova,RU,2021-02-03 19:35:42,42.9603,131.7228,-22.0,69,1,2.24
517,Rzhaksa,RU,2021-02-03 19:35:42,52.1338,42.0264,31.95,99,100,8.32
518,Port Hardy,CA,2021-02-03 19:32:36,50.6996,-127.4199,41.0,87,75,2.3
519,Ornskoldsvik,SE,2021-02-03 19:32:18,63.2909,18.7153,12.2,92,0,5.75
520,Hervey Bay,AU,2021-02-03 19:35:42,-25.2986,152.8535,71.01,87,11,1.01
521,Visnes,NO,2021-02-03 19:35:42,59.3556,5.2242,26.01,63,0,4.61
522,Carballo,ES,2021-02-03 19:35:42,43.213,-8.691,52.0,83,52,7.0
523,Kardla,EE,2021-02-03 19:35:42,58.9978,22.7492,21.0,88,100,7.0
524,Krasnoselkup,RU,2021-02-03 19:35:42,65.7,82.4667,-3.68,92,86,5.61
525,Empalme,MX,2021-02-03 19:35:42,27.9667,-110.8167,82.0,50,75,4.52
526,Sinnamary,GF,2021-02-03 19:35:43,5.3833,-52.95,79.14,83,99,16.04
527,Harwich,GB,2021-02-03 19:35:43,51.9419,1.2844,45.0,83,100,5.99
528,Hidalgotitlan,MX,2021-02-03 19:35:43,17.7833,-94.6333,75.2,50,20,6.46
529,Gladstone,AU,2021-02-03 19:31:35,-23.85,151.25,73.4,83,40,5.75
530,Tabou,CI,2021-02-03 19:35:43,4.423,-7.3528,79.23,87,30,6.78
531,Saint-Georges,GD,2021-02-03 19:35:43,12.0564,-61.7485,82.4,69,75,19.57
532,Jijiga,ET,2021-02-03 19:35:43,9.35,42.8,57.42,33,0,12.66
533,Manokwari,ID,2021-02-03 19:35:43,-0.8667,134.0833,78.67,79,99,6.6
534,Vestmannaeyjar,IS,2021-02-03 19:35:43,63.4427,-20.2734,37.4,75,75,32.21
535,Loikaw,MM,2021-02-03 19:35:43,19.6742,97.2094,55.6,38,0,3.4
536,Lata,PT,2021-02-03 19:35:44,40.1629,-8.3327,57.0,89,97,5.57
537,Coihaique,CL,2021-02-03 19:35:44,-45.5752,-72.0662,84.2,30,0,5.75
538,Codajas,BR,2021-02-03 19:35:44,-3.8367,-62.0569,85.41,70,100,3.04
539,Puerto Leguizamo,CO,2021-02-03 19:35:44,-0.1934,-74.7819,90.64,51,100,1.34
540,Chenzhou,CN,2021-02-03 19:35:44,25.8,113.0333,56.48,87,96,2.82
541,Farmington,US,2021-02-03 19:35:44,36.7281,-108.2187,57.99,54,75,4.61
542,Begun,IN,2021-02-03 19:35:44,24.9833,75.0,67.96,27,78,5.32
543,Keroka,KE,2021-02-03 19:35:44,-0.7758,34.9453,56.52,75,82,1.05
544,Pachino,IT,2021-02-03 19:35:44,36.7186,15.0907,51.8,93,75,2.3
545,Sioux Lookout,CA,2021-02-03 19:35:44,50.1001,-91.917,28.4,74,90,10.36
546,Riyadh,SA,2021-02-03 19:34:49,24.6877,46.7219,69.8,30,0,4.61
547,Huejuquilla El Alto,MX,2021-02-03 19:35:45,22.6,-103.8667,79.43,24,54,5.99
548,Bathsheba,BB,2021-02-03 19:35:45,13.2167,-59.5167,84.2,61,40,25.32
549,Tromso,NO,2021-02-03 19:35:45,69.6496,18.957,23.0,93,90,1.14
550,Lipin Bor,RU,2021-02-03 19:35:45,60.2622,37.9763,19.26,98,100,7.67
551,Desaguadero,PE,2021-02-03 19:35:45,-16.5656,-69.0417,58.12,52,7,13.11
552,Casper,US,2021-02-03 19:35:45,42.8666,-106.3131,37.0,69,90,14.97
553,Le Port,RE,2021-02-03 19:35:45,-20.9373,55.2919,80.6,61,3,18.41
554,Altamira,BR,2021-02-03 19:35:45,-3.2033,-52.2064,91.4,55,40,8.05
555,Mkuranga,TZ,2021-02-03 19:35:45,-7.118,39.2078,75.29,86,1,5.01
556,Margherita,IN,2021-02-03 19:35:45,27.2833,95.6833,60.55,58,36,2.46
557,Hudson Bay,CA,2021-02-03 19:35:46,52.85,-102.3842,13.68,92,100,8.99
558,Kerouane,GN,2021-02-03 19:35:46,9.2667,-9.0167,79.47,19,54,3.27
559,Xining,CN,2021-02-03 19:35:46,36.6167,101.7667,23.52,65,100,0.25
560,Taltal,CL,2021-02-03 19:35:46,-25.4,-70.4833,72.1,55,81,8.01
561,Bemidji,US,2021-02-03 19:35:46,47.4736,-94.8803,28.0,93,90,9.22
562,Saint-Augustin,CA,2021-02-03 19:35:46,51.226,-58.6502,32.85,96,100,32.21
563,Yulara,AU,2021-02-03 19:35:46,-25.2406,130.9889,86.0,17,90,4.61
564,Kalinino,RU,2021-02-03 19:35:46,59.6167,42.25,18.46,97,100,8.59
565,Kurilsk,RU,2021-02-03 19:35:46,45.2333,147.8833,10.35,90,100,19.42
566,Ewa Beach,US,2021-02-03 19:35:46,21.3156,-158.0072,75.2,73,40,21.85
567,Arona,ES,2021-02-03 19:35:47,28.0996,-16.681,64.99,77,75,5.75
568,Almaznyy,RU,2021-02-03 19:35:47,48.0448,40.045,46.4,100,75,6.71
569,Yabrud,SY,2021-02-03 19:35:47,33.9674,36.6574,53.6,50,0,11.5
